Workbook

Sheet pivot_table
A3: Row Labels | B3: Sum of total_revenue | C3: Sum of order_count
A4: Bakery | B4: 15410 | C4: 67
A5: Dairy & Eggs | B5: 14090 | C5: 66
A6: Fruits & Vegetables | B6: 9790 | C6: 73
A7: Household Essentials | B7: 21715 | C7: 79
A8: Personal Care | B8: 16382 | C8: 66
A9: Snacks & Beverages | B9: 10895 | C9: 83
A10: (blank)
A11: Grand Total | B11: 88282 | C11: 434

Sheet monthly_category_revenue
A1: category | B1: month | C1: order_count | D1: total_revenue | E1: avg_revenue
A2: Bakery | B2: 2026-01 | C2: 6 | D2: 735 | E2: 122.5
A3: Bakery | B3: 2026-02 | C3: 8 | D3: 2440 | E3: 305
A4: Bakery | B4: 2026-03 | C4: 11 | D4: 3090 | E4: 280.90909
A5: Bakery | B5: 2026-04 | C5: 13 | D5: 3115 | E5: 239.61538
A6: Bakery | B6: 2026-05 | C6: 15 | D6: 3695 | E6: 246.33333
A7: Bakery | B7: 2026-06 | C7: 14 | D7: 2335 | E7: 166.78571
A8: Dairy & Eggs | B8: 2026-01 | C8: 9 | D8: 2035 | E8: 226.11111
A9: Dairy & Eggs | B9: 2026-02 | C9: 8 | D9: 1935 | E9: 241.875
A10: Dairy & Eggs | B10: 2026-03 | C10: 15 | D10: 3163 | E10: 210.86667
A11: Dairy & Eggs | B11: 2026-04 | C11: 9 | D11: 1650 | E11: 183.33333
A12: Dairy & Eggs | B12: 2026-05 | C12: 14 | D12: 3479 | E12: 248.5
A13: Dairy & Eggs | B13: 2026-06 | C13: 11 | D13: 1828 | E13: 166.18182
... A37: Snacks & Beverages | B37: 2026-06 | C37: 15 | D37: 1960 | E37: 130.66667

Sheet Category targets
A1: category | B1: target_revenue_inr
A2: Fruits & Vegetables | B2: 12000
A3: Dairy & Eggs | B3: 16500
A4: Snacks & Beverages | B4: 13000
A5: Personal Care | B5: 15500
A6: Household Essentials | B6: 17000
A7: Bakery | B7: 12000

Sheet category  summary
A1: category | B1: total_revenue | C1: total_revenue_inr | D1: variance | E1: percentage_variance | F1: status_tag | G1: Matches Part 1 SQL total?
A2: Fruits & Vegetables | B2: =GETPIVOTDATA("Sum of total_revenue",pivot_table!$A$3,"category",A2) -> 9790 | C2: =VLOOKUP(A2, 'Category targets'!A:B, 2, FALSE) -> 12000 | D2: =C2-B2 -> 2210 | E2: =((B2-C2)/C2)*100 -> -18.416667 | F2: =IF(B2>=C2, "Above Target", IF(ABS(E2)<=15, "Below Target - Watch", "Below Target - Critical")) -> Below Target - Critical | G2: yes
A3: Dairy & Eggs | B3: =GETPIVOTDATA("Sum of total_revenue",pivot_table!$A$3,"category",A3) -> 14090 | C3: =VLOOKUP(A3, 'Category targets'!A:B, 2, FALSE) -> 16500 | D3: =C3-B3 -> 2410 | E3: =((B3-C3)/C3)*100 -> -14.606061 | F3: =IF(B3>=C3, "Above Target", IF(ABS(E3)<=15, "Below Target - Watch", "Below Target - Critical")) -> Below Target - Watch | G3: yes
A4: Snacks & Beverages | B4: =GETPIVOTDATA("Sum of total_revenue",pivot_table!$A$3,"category",A4) -> 10895 | C4: =VLOOKUP(A4, 'Category targets'!A:B, 2, FALSE) -> 13000 | D4: =C4-B4 -> 2105 | E4: =((B4-C4)/C4)*100 -> -16.192308 | F4: =IF(B4>=C4, "Above Target", IF(ABS(E4)<=15, "Below Target - Watch", "Below Target - Critical")) -> Below Target - Critical | G4: yes
A5: Personal Care | B5: =GETPIVOTDATA("Sum of total_revenue",pivot_table!$A$3,"category",A5) -> 16382 | C5: =VLOOKUP(A5, 'Category targets'!A:B, 2, FALSE) -> 15500 | D5: =C5-B5 -> -882 | E5: =((B5-C5)/C5)*100 -> 5.6903226 | F5: =IF(B5>=C5, "Above Target", IF(ABS(E5)<=15, "Below Target - Watch", "Below Target - Critical")) -> Above Target | G5: yes
A6: Household Essentials | B6: =GETPIVOTDATA("Sum of total_revenue",pivot_table!$A$3,"category",A6) -> 21715 | C6: =VLOOKUP(A6, 'Category targets'!A:B, 2, FALSE) -> 17000 | D6: =C6-B6 -> -4715 | E6: =((B6-C6)/C6)*100 -> 27.735294 | F6: =IF(B6>=C6, "Above Target", IF(ABS(E6)<=15, "Below Target - Watch", "Below Target - Critical")) -> Above Target | G6: yes
A7: Bakery | B7: =GETPIVOTDATA("Sum of total_revenue",pivot_table!$A$3,"category",A7) -> 15410 | C7: =VLOOKUP(A7, 'Category targets'!A:B, 2, FALSE) -> 12000 | D7: =C7-B7 -> -3410 | E7: =((B7-C7)/C7)*100 -> 28.416667 | F7: =IF(B7>=C7, "Above Target", IF(ABS(E7)<=15, "Below Target - Watch", "Below Target - Critical")) -> Above Target | G7: yes
